<?xml version="1.0"?>
<!-- ====================================================================== 
     24 nov. 2005 18:28:39                                                        

     mdatoolchain-postinstall    
     Setup the MDA Toolchain after installation:
     - copy mdr libs of AndroMDA to ArgoUML installation folder
                   
     lmaitre                                                                
     ====================================================================== -->
<project name="mdatoolchain-postinstall" basedir="$INSTALL_PATH" default="setup">
    <description>
            Setup the MDA Toolchain after installation
    </description>

    <!-- ================================= 
          target: setup              
         ================================= -->
    <target name="setup" depends="init,copy-mdr-to-argouml,install-andromda-in-maven" description="--> Setup the MDA Toolchain after installation">
    </target>
    
    <!-- - - - - - - - - - - - - - - - - - 
          target: install-andromda-in-maven                      
         - - - - - - - - - - - - - - - - - -->
    <target name="install-andromda-in-maven">
	<!-- 1. Install files in local repository -->
        <copy todir="${user.home}/.maven/repository">
	<fileset dir="$INSTALL_PATH/andromda/lib">
	    <include name="**"/>
	</fileset>	    	
	</copy>
        <copy todir="${user.home}/.maven/repository/andromda">
        	<fileset dir="$INSTALL_PATH/andromda/andromda">
        		<include name="**"/>
        	</fileset>
	</copy>
	<!-- 2. Install AndroMDA plugin -->
	<copy todir="${user.home}/.maven/plugins">
	<fileset dir="$INSTALL_PATH/andromda/andromda/plugins">
		<include name="**"/>
	</fileset>
	</copy>
    </target>

    <!-- - - - - - - - - - - - - - - - - - 
          target: copy-mdr-to-argouml                      
         - - - - - - - - - - - - - - - - - -->
    <target name="copy-mdr-to-argouml" if="${useAndromdaLibs}">
    	  <copy todir="$INSTALL_PATH/argouml" overwrite="true">
    	    <fileset dir="$INSTALL_PATH/andromda/lib/mdr/jars"/>
    	    <globmapper from="*-${andromda.mdr.timestamp}.jar" to="*.jar"/>
    	  </copy>  
    </target>

    <!-- - - - - - - - - - - - - - - - - - 
          target: init                      
         - - - - - - - - - - - - - - - - - -->
    <target name="init">
    	<property name="andromda.mdr.timestamp" value="20050630"/>
    	<property name="useAndromdaLibs" value="$USE_ANDRO_LIBS"/>
    	<property name="useAndromdaProfile" value="$USE_ANDRO_PROFILE"/>
    </target>

</project>
