<?xml version="1.0" encoding="iso-8859-1" standalone="yes" ?>

<!-- 
    The ArgoUML-AndroMDA installation file.
-->

<installation version="1.0">

    <!-- 
        The info section.
    -->
    <info>
        <appname>ArgoUML-AndroMDA Module</appname>
        <appversion>0.6</appversion>
        <appsubpath>argouml/ext</appsubpath>
        <authors>
            <author name="Ludovic Maitre" email="ludovic.maitre@free.fr"/>
        </authors>
        <url>http://argouml-andromda.tigris.org/</url>
        <!--
        <webdir>http://argouml-andromda.tigris.org/download</webdir>
         -->
        <webdir>projects.ubik-products.com/mda-toolchain/download</webdir>
        <javaversion>1.4</javaversion>
    </info>

    <variables>
	<variable name="released-on" value="2005/12/13"/>
	<variable name="andromda.version" value="3.1"/>
	<variable name="ARGOUML_HOME" value="$INSTALL_PATH/argouml"/>
	<variable name="MAVEN_HOME" value="$INSTALL_PATH/maven"/>
	<variable name="ANDROMDA_HOME" value="$INSTALL_PATH/andromda"/>
    </variables>

    <!-- 
        The gui preferences indication.
    -->
    <guiprefs width="640" height="480" resizable="no">
	<modifier key="useLabelIcons" value="no"/>
    </guiprefs>
    
    <!-- 
        The locale section.
    -->
    <locale>
        <langpack iso3="eng"/>
        <langpack iso3="fra"/>
    </locale>
    
    <!-- 
        The resources section.
        The ids must be these ones if you want to use the LicencePanel and/or the InfoPanel.
    -->
    <resources>
        <res id="LicencePanel.licence" src="ressources/License.txt"/>
        <res id="InfoPanel.info" src="ressources/Readme.txt"/>
        <res id="installer.langsel.img" src="ressources/MDAToolchain_Banner.png"/>
        <res id="AntActionsSpec.xml" src="ressources/AntSpecs.xml" />
        <res id="userInputSpec.xml" src="ressources/UserInputSpecs.xml"/>
    </resources>
    
    <!-- 
        The panels section.
        We indicate here which panels we want to use. The order will be respected.
    -->
    <panels>
        <panel classname="HelloPanel"/>
        <panel classname="InfoPanel"/>
        <panel classname="LicencePanel"/>
        <panel classname="TargetPanel"/>
        <panel classname="PacksPanel"/>
        <panel classname="JDKPathPanel"/>
        <!-- UserInputPanel#0 - Maven and AndroMDA home -->
        <panel classname="UserInputPanel"/>
        <!-- UserInputPanel#1 - ArgoUML/AndroMDA integration -->
        <panel classname="UserInputPanel"/>        
        <panel classname="InstallPanel"/>
        <panel classname="SimpleFinishPanel"/>
    </panels>
    
    <!-- The listener section -->
    <listeners>
        <listener installer="AntActionInstallerListener"
          uninstaller="AntActionUninstallerListener" />
    </listeners>
    
    <!-- 
        The packs section.
        We specify here our packs.
    -->
    <packs>
    	<!-- base package with support files for other packages -->
        <pack name="ArgoUML-AndroMDA" required="yes">
            <description>The ArgoUML-AndroMDA module</description>
            <fileset dir="ressources" targetdir="$INSTALL_PATH">
            	<include name="Readme.txt"/>
            	<include name="License.txt"/>
            	<include name="setup.xml"/>    	
            </fileset>
            <parsable targetfile="$INSTALL_PATH/setup.xml"/> 
        </pack>
        <pack name="ArgoUML" required="no">
            <description>UML CASE tool</description>
            <fileset dir="argouml" targetdir="$INSTALL_PATH/argouml">
            	<include name="**"/>
            </fileset>
            <!-- argo properties - customized to have andromda and maven home correctly set -->
            <fileset dir="ressources" targetdir="$USER_HOME">
            <include name="argo.user.properties"/>
            </fileset>
            <parsable targetfile="$USER_HOME/argo.user.properties"/>             
            <fileset dir="ressources" targetdir="$INSTALL_PATH/argouml">
            	<include name="argouml.sh"/>
            	<include name="argouml.bat"/>
            </fileset>            
            <executable targetfile="$INSTALL_PATH/argouml/argouml.sh" stage="never">
            	<os family="unix"/>
            	<os family="mac"/>
            </executable>
            <parsable targetfile="$INSTALL_PATH/argouml/argouml.sh" type="shell">
            	<os family="unix"/>
            	<os family="mac"/>
            </parsable> 
            <parsable targetfile="$INSTALL_PATH/argouml/argouml.bat">
            	<os family="windows"/>
            </parsable> 
        </pack>

        <pack name="ArgoUML-AndroMDA" required="no">
            <description>ArgoUML-AndroMDA Integration</description>
            <fileset dir="../../" targetdir="$ARGOUML_HOME/ext">
            	<include name="**"/>
            </fileset>
            <fileset dir="argouml-andromda" targetdir="$ARGOUML_HOME/ext">
            	<include name="**"/>
            </fileset>
        </pack>
        
    </packs>
    
    <!-- Support JAR files -->
    <jar src="ant/lib/ant-1.6.5.jar" stage="both" />
    <jar src="ant/lib/ant-launcher-1.6.5.jar" stage="both" />
    <jar src="ant/lib/ant-nodeps-1.6.5.jar" stage="both" />
    
</installation>
